,,,,,,,,,,,,,,,
,,,,,,,,,,,,,,,
LINE UP MONTEVIDEO'S PORT ,,,,,,,,,,,,,,,
,,, ,,,,,,,,,,,,
DATE,18-may-21,,,,,,,,,,,,,,
,,,,,,,,,,,,,,,
ANP & OBRINEL BERTHS - BULK CARRIERS,,,,,,,,,,,,,,,
VSLS,ETA,CARGO,TYPE,SELLER,CHARTERER,PORT OPERATOR,ETB,ETC,ETF,ETS,ORIGIN/DESTINATION,PIER,COMMENTS,DRAFTS,WAITING DAYS
,,,,,,,,,,,, ,,,
MV SM GOSEONG,5/18/21 4:00,11.310,Soybeans,LDC,CARGILL,TGM,5/18/21 10:20,5/18/21 11:15,19/05/2021 AM,19/05/2021 AM,TBC,TGM,LOAD,"12,00",
MV STARA PLANINA,5/8/21 5:00,5.000,Fertilizer,NITRON,NITRON,NOBLEZA,19/05/2021 AM,19/05/2021 PM,21/05/2021 -,21/05/2021 -,EGYPT,C,DISCH,"11,65",
MV DUBAI SUN,5/13/21 16:00,6.000,Fertilizer,NITRON,NITRON,NOBLEZA,19/05/2021 PM,19/05/2021 PM,21/05/2021 -,21/05/2021 -,RUSSIA,C-D,DISCH,"11,28",
MV ND ARISTEIA,5/18/21 17:00,11.253,Soybeans,COFCO,COFCO,TGM,19/05/2021 PM,19/05/2021 PM,21/05/2021 AM,21/05/2021 AM,PAKISTAN / BANGLADESH,TGM,LOAD,"12,00",
MV ZHOUSHAN ISLAND,23/05/2021 -,TBC,Soybeans,CARGILL,LDC,TGM,23/05/2021 -,23/05/2021 -,25/05/2021 -,25/05/2021 -,EGYPT,TGM,LOAD,"12,00",
MV DRAGON SKY,24/05/2021 -,50.000,Wood chips,TBC,TBC,TRANSGRANEL,TBC,TBC,TBC,TBC,CHINA,TBC,LOAD,"10,70",
MV TUO FU 6,25/05/2021 -,TBC,Soybeans,TBC,TBC,TGM,25/05/2021 -,25/05/2021 -,27/05/2021 -,27/05/2021 -,CHINA,TGM,LOAD,"12,00",
MV ADRIENNE,26/05/2021 -,TBC,Fertilizer,NITRON,NITRON,TBC,TBC,TBC,TBC,TBC,ALGERIA,TBC,DISCH,"10,36",
MV YUNA ORCHID,27/05/2021 -,32.600,Petcoke,TBC,TBC,NOBLEZA,TBC,TBC,TBC,TBC,JAMAICA,TBC,DISCH,"9,92",
MV OLYMPOS,27/05/2021 -,TBC,Soybeans,TBC,TBC,TGM,27/05/2021 -,27/05/2021 -,29/05/2021 -,29/05/2021 -,CHINA,TGM,LOAD,"12,00",
MV GOOD LUCK,29/05/2021 -,TBC,Fertilizer,NITRON,NITRON,TBC,TBC,TBC,TBC,TBC,EGYPT,TBC,DISCH,"10,36",
MV MILIN KAMAK,30/05/2021 -,TBC,Fertilizer,NITRON,NITRON,TBC,TBC,TBC,TBC,TBC,EGYPT,TBC,DISCH,"10,36",
MV WESTERN CALLAO,02/06/2021 -,TBC,Fertilizer,NITRON,NITRON,TBC,TBC,TBC,TBC,TBC,CHINA,TBC,DISCH,"10,36",
MV NORD PEAK,07/06/2021 -,16.000,Fertilizer,TBC,TBC,TBC,TBC,TBC,TBC,TBC,TBC,TBC,DISCH,"9,00",
MV SEA ODDYSEY,11/06/2021 -,50.000,Wood chips,TBC,TBC,TRANSGRANEL,TBC,TBC,TBC,TBC,CHINA,TBC,LOAD,"10,50",
,,,,,,,,,,,,,,,
ANP - GENERAL/PROJECT CARGO,,,,,,,,,,,,,,,
,,,,,,,,,,,,,,,
MV MINERAL GENT,5/3/21 5:00,90.000,Wood logs,TBC,TBC,TAMIBEL,08/05/2021 14:50,08/05/2021 19:00,18/05/2021 -,18/05/2021 -,CHINA,C,LOAD,"11,00",
MV AFRICAN WEAVER,5/16/21 12:00,34.000,Wood logs,TBC,TBC,TBC,17/05/2021 04:00,17/05/2021 07:00,22/05/2021 -,22/05/2021 -,CHINA,1/2,LOAD,"10,55",
MV SE CARDI,4/25/21 0:00,36.000,Wood logs,TBC,TBC,TBC,TBC,TBC,TBC,TBC,URUGUAY,TBC,DISCH,"10,80",
MV SHELTER ISLAND,5/17/21 16:00,43.000,Wood logs,TBC,TBC,PLANIR,TBC,TBC,TBC,TBC,CHINA,TBC,LOAD,"10,78",
MV DL MARIGOLD,23/05/2021 -,16.000,Wood logs,TBC,TBC,TBC,TBC,TBC,TBC,TBC,TBC,TBC,LOAD,,
MV SE KELLY,25/05/2021 -,37.000,Wood logs,TBC,TBC,TBC,TBC,TBC,TBC,TBC,TBC,TBC,LOAD,,
MV AFRICAN PIPER,29/05/2021 -,34.000,Wood logs,TBC,TBC,TBC,TBC,TBC,TBC,TBC,TBC,TBC,LOAD,,
MV CAPE OSPREY,10/06/2021 -,90.000,Wood logs,TBC,TBC,TBC,TBC,TBC,TBC,TBC,CHINA,TBC,LOAD,"11,00",
,,,,,,,,,,,,,,,
,,,,,,,,,,,,,,,
GRAND TOTAL:,1.993.772,,,,,,,,,,,,,,
,,,,,,,,,,,,,,,
,,,,,,,,,,,,,,,
VSLS,ETA,CARGO,PRODUCT,SELLER ,CHARTERER,PORT OPERATOR,ETB,ETC,ETF,ETS,ORIGIN/DESTINATION,PIER,COMMENTS,DRAFTS,WAITING DAYS
MV AFRICAN HARRIER,12/28/20 10:30,36.161,Wood logs,TBC,TBC,PLANIR,29/12/2020 04:20,29/12/2020 07:00,03/1/2021 20:00,04/1/2021 01:25,CHINA,1/2,LOAD,"10,70","0,7"
MV OCEAN DROVER,1/2/21 14:00,2.500,Fodder,TBC,TBC,TACUA,02/01/2021 16:15,02/01/2021 18:00,03/01/2021 11:00,03/01/2021 13:30,CHINA,6/7,LOAD,"9,00","0,1"
MV CIELO DI MONACO,1/3/21 12:00,901,Urea,NITRON,NITRON,NOBLEZA,3/1/2021 17:15,3/1/2021 19:00,05/01/2021 14:00,05/01/2021 17:20,RUSSIA,6/7,DISCH,10.40,"0,2"
,,1.050,Urea,,,,,,,,,,,,
,,2.701,Fertilizer (GMOP),,,,,,,,,,,,
MV SPAR CANIS,12/30/20 7:00,17.027,Wood logs,TBC,TBC,PLANIR,02/01/2021 11:40,02/01/2021 16:00,04/01/2021 23:00,05/01/2021 04:30,CHINA,C,LOAD,"11,00","3,2"
MV YOSOR,1/7/21 3:00,6.910,Livestock,TBC,TBC,TACUA,07/01/2021 05:40,07/01/2021 09:00,08/01/2021 22:00,09/01/2021 01:30,TURKEY,B,LOAD,"8,30","0,1"
MV AFRICAN HORNBILL,1/4/21 22:00,20.935,Wood logs,TBC,TBC,PLANIR,05/01/2021 08:30,05/01/2021 09:00,09/01/2021 00:00,09/01/2021 05:35,INDIA,1/2,LOAD,"11,35","0,4"
MV AFRICAN OWL,1/6/21 5:00,34.247,Wood logs,TBC,TBC,TAMIBEL,06/01/2021 07:00,06/01/2021 11:00,09/01/2021 17:00,09/01/2021 22:35,CHINA,C,LOAD,"10,40","0,1"
MV OCEAN DROVER,1/6/21 10:00,12.000,Livestock,TBC,TBC,TACUA,08/01/2021 12:25,08/01/2021 15:00,11/01/2021 00:00,11/01/2021 03:05,CHINA,6/7,LOAD,"9,00","2,1"
,,2.500,Fodder,,,,,,,,,,,,
MV DAIWAN CHAMPION,1/10/21 10:00,12.751,Wood logs,TBC,TBC,TAMIBEL,10/01/2021 12:35,10/01/2021 17:00,12/01/2021 12:00,13/01/2021 17:35,INDIA,C,LOAD,"10,80","0,1"
MV DELICATA,1/10/21 10:00,1.501,Urea,NITRON,NITRON,NOBLEZA,1/12/21 7:20,1/12/21 9:00,1/14/21 6:00,1/14/21 9:25,ALGERIA,6/7,DISCH,"10,40","1,9"
,,2.001,Urea,,,,,,,,,,,,
,,4.401,Urea,,,,,,,,,,,,
,,3.302,Urea,,,,,,,,,,,,
,,1.504,Urea,,,RIOESTIBA,,,,,,,,,
MV AFRICAN JAY,1/7/21 21:00,12.018,Wood logs,TBC,TBC,PLANIR,09/01/2021 19:00,09/01/2021 23:00,14/01/2021 17:00,14/01/2021 23:25,CHINA,1/2,LOAD,"10,26","1,9"
,,12.063,Wood logs,,,,,,,,,,,,
,,12.274,Wood logs,,,,,,,,,,,,
MV DAHLIA,1/11/21 19:00,13.700,Malt barley,TBC,TBC,NOBLEZA,1/11/21 19:35,1/11/21 22:00,1/14/21 22:00,1/15/21 2:05,BRAZIL,B,LOAD,"7,50","0,0"
MV BERGE ASAHIDAKE,1/10/21 19:00,34.306,Wood logs,TBC,TBC,TAMIBEL,12/01/2021 19:25,12/01/2021 23:00,16/01/2021 15:00,16/01/2021 20:50,CHINA,C,LOAD,"10,30","2,0"
MV AFRICAN HERON,1/13/21 19:00,34.244,Wood logs,TBC,TBC,PLANIR,15/01/2021 01:55,15/01/2021 05:00,18/01/2021 20:00,19/01/2021 02:20,CHINA,1/2,LOAD,"11,00","1,3"
MV N DISCOVERY,1/14/21 6:00,17.850,Rice,SAMAN,CARGILL,TACUA,1/14/21 11:42,1/14/21 16:40,1/19/21 11:45,1/19/21 15:20,NETHERLANDS,6/7,LOAD,"9,40","0,2"
MV ASIAN BULKER,1/18/21 0:00,12.073,Wood logs,TBC,TBC,TAMIBEL,18/01/2021 03:25,18/01/2021 09:00,20/01/2021 14:00,20/01/2021 20:25,CHINA,C,LOAD,"10,50","0,1"
MV BBC BRAZIL,1/22/21 6:00,146,Pipes,ARCERLOMITTAL,BBC,MONTECON,23/01/2021 01:00,23/01/2021 03:00,23/01/2021 23:55,24/01/2021 03:00,BRAZIL,4/5,DISCH,"5,50","0,8"
MV ISHIZUCHI STAR,1/21/21 14:00,6.399,Soybean meal,AGROGRAIN,AGROGRAIN,TGM,1/21/21 17:40,1/21/21 20:00,1/23/21 5:00,1/23/21 9:45,SENEGAL,TGM,LOAD,"10,50","0,2"
MV IVS HIRONO,1/24/21 6:00,41.110,Wood logs,TBC,TBC,PLANIR,1/24/21 7:00,1/24/21 15:00,1/28/21 13:30,1/28/21 22:30,CHINA,C,LOAD,"10,00","0,0"
MV BADER III,1/7/21 12:00,16.430,Livestock,TBC,TBC,TBC,25/01/2021 08:00,25/01/2021 11:30,29/01/2021 09:30,29/01/2021 13:35,TURKEY,6/7,LOAD,"9,80","17,8"
,,4.907,Fodder,,,,,,,,,,,,"0,0"
MV LOCH MELFORT,1/26/21 8:00,20.931,Wood logs,TBC,TBC,PLANIR,26/01/2021 08:40,26/01/2021 15:00,1/30/21 5:00,1/30/21 11:20,CHINA,1/2,LOAD,"10,60","0,0"
,,11.955,Wood logs,,,,,,,,,,,,"0,0"
MV RUBY ENTERPRISE,1/28/21 3:00,15.125,Wood logs,TBC,TBC,PLANIR,29/01/2021 00:55,29/01/2021 07:00,31/01/2021 15:00,31/01/2021 21:00,CHINA,C,LOAD,"10,56","0,9"
MV AVRA.GR,1/29/21 11:00,31.498,Wheat,TBC,TBC,TGM,1/29/21 13:40,1/29/21 16:00,2/2/21 16:00,2/2/21 19:05,ARGELIA,TGM,LOAD,"9,40","0,1"
MV ADEL I,1/1/21 11:00,3.614,Livestock,TBC,TBC,TACUA,01/02/2021 13:30,01/02/2021 16:00,02/02/2021 22:00,03/02/2021 02:20,TURKEY,B,LOAD,"7,90","31,1"
MV APEX VOYAGER,1/30/21 3:00,19.647,Wood logs,TBC,TBC,PLANIR,1/30/21 13:25,1/30/21 19:00,02/02/2021 22:00,03/02/2021 05:35,INDIA,1/2,LOAD,"11,10","0,4"
MV AFRICAN TOUCAN,2/2/21 11:00,37.106,Wood logs,TBC,TBC,PLANIR,02/02/2021 15:10,02/02/2021 18:00,06/02/2021 15:00,06/02/2021 21:30,CHINA,C,LOAD,"10,86","0,2"
MV MARIKA,2/4/21 4:00,24.071,Gypsum,TBC,TBC,NOBLEZA,04/02/2021 06:20,04/02/2021 08:20,07/02/2021 22:20,08/02/2021 01:30,SPAIN,6/7,DISCH,"10,30","0,1"
MV PEWEE,2/7/21 6:00,23.860,Wood logs,TBC,TBC,PLANIR,07/02/2021 08:30,07/02/2021 15:00,10/02/2021 04:00,10/02/2021 11:15,CHINA,C,LOAD,"10,95","0,1"
MV ECO TIDE,2/11/21 5:00,16.680,Wood chips,TBC,TBC,TRANSGRANEL,11/02/2021 06:45,11/02/2021 10:00,13/02/2021 12:00,13/02/2021 15:40,PORTUGAL,C,LOAD,"7,00","0,1"
MV CANARY,2/12/21 9:00,7.450,Fertilizer (Sulphur),NITRON,NITRON,NOBLEZA,12/02/2021 15:30,12/02/2021 15:30,13/02/2021 22:00,14/02/2021 01:20,CHINA,6/7,DISCH,"10,40","0,3"
MV SSI FORMIDABLE,2/13/21 7:00,30.293,Wood chips,TBC,TBC,TRANSGRANEL,13/02/2021 18:20,13/02/2021 21:00,17/02/2021 10:00,17/02/2021 13:50,PORTUGAL,C,LOAD,"10,00","0,5"
MV CHIPOL HUANGHE,2/14/21 7:00,15.479,Wood logs,TBC,TBC,PLANIR,15/02/2021 03:10,15/02/2021 07:00,17/02/2021 18:00,17/02/2021 23:30,CHINA,6/7,LOAD,"10,00","0,8"
MV FEDRA.GR,2/15/21 2:45,3.200,Fertilizer (GMOP),NITRON,NITRON,NOBLEZA,17/02/2021 10:16,17/02/2021 12:37,18/02/2021 21:10,18/02/2021 23:30,CHINA,3/4,DISCH,"10,20","2,3"
,,1.352,Fertilizer (GMOP),,,,,,,,,,,,
,,1.805,Fertilizer (GMOP),,,,,,,,,,,,
,,900,Fertilizer (GMOP),,,,,,,,,,,,
,,1.200,Fertilizer (GMOP),,,,,,,,,,,,
MV AFRICAN PIPER,2/14/21 11:30,10.866,Wood logs,TBC,TBC,PLANIR,14/02/2021 17:25,15/02/2021 23:00,19/02/2021 00:00,19/02/2021 07:20,CHINA,1/2,LOAD,"10,30","0,2"
,,11.630,Wood logs,,,,,,,,,,,,"0,0"
,,11.847,Wood logs,,,,,,,,,,,,"0,0"
MV TRANSPORTER,2/19/21 14:00,3.491,Livestock,TBC,TBC,TACUA,19/02/2021 15:55,19/02/2021 18:00,20/02/2021 18:00,20/02/2021 21:25,TURKEY,B,LOAD,"7,50","0,1"
MV SPL TARAPACA,2/18/21 8:00,6.001,Salt,TBC,TBC,NOBLEZA,18/02/2021 10:40,18/02/2021 12:00,21/02/2021 08:00,21/02/2021 11:50,CHILE,6/7,DISCH,"9,75","0,1"
,,9.000,Salt,,,,,,,,,,,,
,,7.042,Salt,,,,,,,,,,,,
,,10.000,Salt,,,,,,,,,,,,
MV MELBOURNE SPIRIT,2/15/21 16:00,35.448,Wood logs,TBC,TBC,TAMIBEL,17/02/2021 15:55,17/02/2021 23:00,22/02/2021 05:00,22/02/2021 11:40,CHINA,C,LOAD,"10,50","2,0"
MV ADMIRALTY SPIRIT,2/18/21 10:30,19.389,Wood logs,TBC,TBC,PLANIR,20/02/2021 10:50,20/02/2021 15:00,24/02/2021 17:00,24/02/2021 22:25,CHINA,1/2,LOAD,"10,82","2,0"
,,10.497,Wood logs,,,,,,,,,,,,
MV BERGE HALLASAN,2/18/21 7:00,21.915,Wood logs,TBC,TBC,TAMIBEL,22/02/2021 20:05,22/02/2021 23:00,26/02/2021 03:00,26/02/2021 09:35,CHINA,6/7,LOAD,"10,45","4,5"
MV LUCHOW,2/20/21 7:00,37.846,Wood logs,TBC,TBC,PLANIR,22/02/2021 21:00,23/02/2021 03:00,27/02/2021 19:00,28/02/2021 01:25,CHINA,C,LOAD,"10,74","2,6"
MT NAVIG8 SPICA,2/26/21 16:00,3.694,Canola oil,TBC,TBC,NOBLEZA,26/02/2021 19:20,26/02/2021 22:00,28/02/2021 02:00,28/02/2021 05:30,TBC,B,LOAD,"10,00","0,1"
MV SAN,3/1/21 10:00,12.844,Malt barley,TBC,TBC,NOBLEZA,3/1/21 11:00,3/1/21 14:00,3/3/21 21:00,3/4/21 0:25,BRAZIL,6/7,LOAD,"7,20","0,0"
MV POLARIS 3,2/17/21 11:00,9.270,Livestock,TBC,TBC,TACUA,04/03/2021 11:55,04/03/2021 16:00,06/03/2021 22:00,07/03/2021 02:20,CHINA,B,LOAD,"8,20","15,0"
MV MARCOS DIAS,3/5/21 13:00,32.990,Wheat,LDC,J. MACEDO,TGM,3/5/21 16:20,3/6/21 1:09,3/8/21 16:15,3/8/21 20:35,BRAZIL,TGM,LOAD,"9,46","0,1"
MV SINOWAY ACT,3/6/21 1:00,11.909,Wood logs,TBC,TBC,PLANIR,06/03/2021 03:40,06/03/2021 07:00,10/03/2021 01:00,10/03/2021 08:30,INDIA,1/2,LOAD,"10,6","0,1"
,,5.398,Wood logs,,,,,,,,,,,,
,,10.663,Wood logs,,,,,,,,,,,,
MV WATER LILY,3/6/21 17:00,50.000,Wood chips,TBC,TBC,TRANSGRANEL,3/6/21 19:15,3/6/21 22:00,11/03/2021 22:00,12/03/2021 02:00,PORTUGAL,6/7,LOAD,"9,00","0,1"
MV ALCYONE I,3/8/21 17:00,2.003,Fertilizer (GSSP),NITRON,NITRON,NOBLEZA,08/03/2021 19:30,08/03/2021 21:30,13/03/2021 23:00,14/03/2021 02:30,EGYPT,C,DISCH,"11,20","0,1"
,,2.172,Fertilizer (Phosrock),,,,,,,,,,,,
,,8.719,Fertilizer (Phosrock),,,,,,,,,,,,
,,3.000,Fertilizer (TSP),,,,,,,,,,,,
MV BBC CAMPANA,3/14/21 10:00,596,Project cargo,PETREVEN S.A.,BBC,MONTECON,14/03/2021 11:50,14/03/2021 13:30,15/03/2021 17:25,15/03/2021 21:30,ARGENTINA,3/4,DISCH,"6,80","0,1"
MV AMIS TREASURE,3/11/21 1:00,2.295,Fertilizer (DAP),NITRON,NITRON,NOBLEZA,14/03/2021 15:05,14/03/2021 17:00,17/03/2021 02:00,17/03/2021 05:35,CHINA,C,DISCH,"11,50","3,6"
,,1.504,Fertilizer (DAP),,,,,,,,,,,,
,,1.425,Fertilizer (DAP),,,,,,,,,,,,
,,1.906,Fertilizer (MAP),,,,,,,,,,,,
,,2.027,Fertilizer (MAP),,,,,,,,,,,,
,,3.400,Fertilizer (MAP),,,,,,,,,,,,
,,2.504,Fertilizer (SAM),,,,,,,,,,,,
MV CL ANZI HE,3/15/21 18:00,42.493,Wood logs,TBC,TBC,PLANIR,15/03/2021 19:20,15/03/2021 23:55,21/03/2021 22:35,21/03/2021 04:40,CHINA,1/2,LOAD,"10,50","0,1"
MV BRANT,3/20/21 9:00,1.000,Fertilizer (MAP),NITRON,NITRON,NOBLEZA,3/22/21 17:15,3/22/21 19:00,3/23/21 20:00,3/23/21 23:35,SPAIN,1/2,DISCH,"10,3","2,3"
,,3.013,Fertilizer (GMOP),,,,,,,,,,,,
,,502,Fertilizer (GMOP),,,,,,,,,,,,
MV ANNA MARRA,3/20/21 7:00,4.393,Livestock,TBC,TBC,PANTZIN,22/03/2021 07:30,22/03/2021 10:00,27/03/2021 13:00,27/03/2021 17:35,TURKEY,6/7,LOAD,"9,40","2,0"
,,2.500,Fodder,,,,,,,,,,,,
,,1.297,Fodder,,,,,,,,,,,,
MV SAN,3/24/21 8:00,13.230,Malt barley,TBC,TBC,NOBLEZA,3/24/21 8:55,3/24/21 12:00,3/27/21 18:00,3/27/21 21:40,BRAZIL,B,LOAD,"8,30","0,0"
MV AFRICAN FINCH,3/24/21 9:00,36.757,Wood logs,TBC,TBC,PLANIR,24/03/2021 12:20,24/03/2021 16:00,28/03/2021 12:00,28/03/2021 19:00,CHINA,1/2,LOAD,"11,00","0,1"
MV THREE SASKIAS,3/27/21 4:00,14.232,Rapeseeds,CARGILL,CARGILL,TGM,3/27/21 10:00,3/27/21 12:25,3/29/21 14:10,3/29/21 17:50,UNITED KINGDOM,TGM,LOAD,"12,00","0,3"
MV BERGE ANNUPURI,3/27/21 23:00,715,Fertilizer (GTSP),NITRON,NITRON,NOBLEZA,28/03/2021 03:10,28/03/2021 06:00,30/03/2021 22:00,31/03/2021 00:45,EGYPT,6/7,DISCH,"10,20","0,2"
,,1.998,Fertilizer (GSSP),,,,,,,,,,,,
,,4.012,Fertilizer (GSSP),,,,,,,,,,,,
,,1.575,Fertilizer (DAP),,,,,,,,,,,,
,,504,Fertilizer (GSSP),,,,,,,,,,,,
,,845,Fertilizer (DAP),,,,,,,,,,,,
,,1.577,Fertilizer (GTSP),,,,,,,,,,,,
,,2.003,Fertilizer (GTSP),,,,,,,,,,,,
,,3.005,Fertilizer (DAP),,,,,,,,,,,,
,,2.199,Fertilizer (GTSP),,,,,,,,,,,,
MV BELMEKEN,3/30/21 14:30,4.502,Fertilizer (GMOP),NITRON,NITRON,NOBLEZA,30/03/2021 16:35,30/03/2021 19:00,01/04/2021 00:00,01/04/2021 03:25,RUSSIA,1/2,DISCH,"10,30","0,1"
MV AUCKLAND SPIRIT,3/29/21 16:00,30.220,Wood logs,TBC,TBC,TAMIBEL,29/03/2021 16:40,29/03/2021 23:00,02/04/2021 12:00,02/04/2021 19:20,CHINA,C,LOAD,"10,60","0,0"
MV FRAGRANT ATHENA,3/30/21 23:00,17.999,Fertilizer (Phosrock),NITRON,NITRON,NOBLEZA,31/03/2021 04:15,31/03/2021 07:00,03/04/2021 07:00,03/04/2021 10:15,PERU,6/7,DISCH,"10,30","0,2"
MV AFRICAN JAY,3/31/21 20:00,37.144,Wood logs,TBC,TBC,PLANIR,01/04/2021 05:45,01/04/2021 11:00,05/04/2021 14:00,05/04/2021 21:20,CHINA,1/2,LOAD,"11,00","0,4"
MV DENSA CHEETAH,4/5/21 1:00,4.408,Fertilizer (DAP),NITRON,NITRON,NOBLEZA,05/04/2021 03:30,05/04/2021 03:30,07/04/2021 06:00,07/04/2021 09:25,MOROCCO,3/4,DISCH,"10,35","0,1"
,,5.850,Fertilizer (SAM),,,,,,,,,,,,
MV GLORIOUS LOTUS,4/5/21 5:00,41.279,Wood chips,TBC,TBC,TRANSGRANEL,05/04/2021 05:55,05/04/2021 09:00,10/04/2021 10:00,10/04/2021 13:20,CHINA,6/7,LOAD,"10,65","0,0"
MV IVS PRESTWICK,4/1/21 14:00,19.643,Wood logs,TBC,TBC,PLANIR,05/04/2021 23:25,06/04/2021 04:00,12/04/2021 12:00,12/04/2021 03:25,INDIA,1/2,LOAD,"10,5","4,4"
,,22.554,Wood logs,,,,,,,,,,,,
MV AFRICAN KESTREL,4/6/21 9:00,10.462,Urea,NITRON,NITRON,NOBLEZA,10/04/2021 17:10,10/04/2021 20:00,13/04/2021 22:00,14/04/2021 01:30,UAE,6/7,DISCH,"10,4","4,3"
,,8.003,Urea,,,,,,,,,,,,"0,0"
MV CAPE PELICAN,4/3/21 7:00,89.959,Wood logs,TBC,TBC,PLANIR,03/04/2021 10:05,03/04/2021 15:00,14/04/2021 20:00,15/04/2021 02:30,CHINA,C,LOAD,"12,00","0,1"
MV ZEIN I,4/4/21 11:00,18.000,Livestock,TBC,TBC,TACUA,12/04/2021 19:15,12/04/2021 23:00,17/04/2021 09:00,17/04/2021 12:25,TURKEY,B,LOAD,"9,90","8,3"
MV STAR GLORY,4/8/21 6:00,2.002,Fertilizer (GTSP),NITRON,NITRON,NOBLEZA,15/04/2021 07:40,15/04/2021 10:30,17/04/2021 11:00,17/04/2021 14:50,EGYPT,C,DISCH,"11,50","7,1"
,,7.002,Fertilizer (GSSP),,,,,,,,,,,,
MV BERGE CATHERINE,4/15/21 20:00,12.477,Barley,TGL URUGUAY S.A.,EVERGRAIN,TGM,4/16/21 0:24,4/16/21 1:45,4/17/21 15:13,4/17/21 17:45,CHINA,TGM,LOAD,"12,00","0,2"
MV PLANA,4/14/21 9:00,2.251,Fertilizer (MAP),NITRON,NITRON,TBC,17/04/2021 16:55,17/04/2021 20:00,19/04/2021 06:00,19/04/2021 08:30,MOROCCO,C,DISCH,"11,10","3,3"
,,1.100,Fertilizer (MAP),,,,,,,,,,,,
,,2.003,Fertilizer (MAP),,,,,,,,,,,,
MV BEATRICE,4/11/21 1:30,1.003,Fertilizer (DAP),AMEROPA,AMEROPA,NOBLEZA,16/04/2021 18:12,16/04/2021 19:45,19/04/2021 14:24,19/04/2021 17:30,MOROCCO,1/2,DISCH,"10,20","5,7"
,,1.004,Fertilizer (DAP),,,,,,,,,,,,"0,0"
,,1.003,Fertilizer (MAP),,,,,,,,,,,,"0,0"
,,1.001,Fertilizer (MAP),,,,,,,,,,,,"0,0"
,,1.001,Fertilizer (DAP),,,,,,,,,,,,"0,0"
,,3.501,Fertilizer (MAP),,,RIOESTIBA,,,,,,,,,"0,0"
,,3.002,Fertilizer (DAP),,,,,,,,,,,,"0,0"
MV UNI BLOSSOM,4/7/21 23:00,31.286,Petcoke,TBC,TBC,NOBLEZA,14/04/2021 03:15,14/04/2021 07:00,19/04/2021 00:00,19/04/2021 03:35,COLOMBIA,6/7,DISCH,"9,96","6,2"
MV AFRICAN WAGTAIL,4/19/21 7:00,2.202,Urea,TBC,TBC,NOBLEZA,19/04/2021 21:05,19/04/2021 23:00,22/04/2021 06:00,22/04/2021 09:35,QATAR,3/4,DISCH,"10,65","0,6"
,,2.550,Urea,,,,,,,,,,,,
,,5.407,Urea,,,,,,,,,,,,
,,2.255,Urea,,,,,,,,,,,,
,,1.601,Urea,,,RIOESTIBA,,,,,,,,,
MV IZANAGI HARMONY,4/18/21 12:00,11.443,Wood logs,TBC,TBC,TBC,20/04/2021 03:10,20/04/2021 07:00,22/04/2021 17:00,22/04/2021 21:20,CHINA,4/5,LOAD,"11,03","1,6"
MV GHENA,3/16/21 2:00,3.595,Fodder,TBC,TBC,TACUA,20/04/2021 07:25,20/04/2021 11:00,24/04/2021 08:00,24/04/2021 10:35,TURKEY,6/7,LOAD,"9,80","35,2"
MV BBC SAPPHIRE,4/24/21 1:30,1,Project cargo,TBC,BBC,MONTECON,24/04/2021 03:15,24/04/2021 10:00,24/04/2021 11:00,24/04/2021 15:00,USA,3/4,DISCH,,"0,1"
MV SE CARDI,4/19/21 12:00,36.941,Wood logs,TBC,TBC,TBC,19/04/2021 11:00,19/04/2021 15,24/04/2021 18:00,24/04/2021 20:10,CHINA,C,LOAD,"11,00","0,0"
MV IZANAGI HARMONY,4/22/21 23:00,8.000,Wood logs,TBC,TBC,TBC,25/04/2021 01:10,25/04/2021 03:00,25/04/2021 18:00,25/04/2021 21:35,CHINA,C,LOAD,"11,03","2,1"
MV STAR MAINE,4/19/21 8:42,44.028,Wood logs,TBC,TBC,PLANIR,25/04/2021 23:48,26/04/2021 02:00,30/04/2021 05:10,30/04/2021 11:10,CHINA,C,LOAD,"10,78","6,6"
MV FOUR NABUCCO,4/22/21 12:00,29.313,Paddy Rice,DAMBO,CARGILL,TGM,4/26/21 12:00,4/26/21 15:25,30/04/2021 21:15,01/05/2021 01:49,MEXICO,TGM,LOAD,"9,68","4,0"
MV ASAHI BULKER,4/20/21 20:42,31.652,Cement in big bags,TBC,TBC,TAMIBEL,24/04/2021 14:00,24/04/2021 18:00,02/05/2021 12:15,02/05/2021 17:30,TURKEY,6/7,DISCH,"10,16","3,7"
MV MOLESON,4/19/21 8:00,31.582,Bagged rice,TBC,TBC,TACUA,19/04/2021 19:20,19/04/2021 23:00,02/05/2021 16:00,02/05/2021 20:20,IRAK,1/2,LOAD,"9,75","0,5"
MV WATER LILY,4/28/21 8:00,40.440,Wood chips,TBC,TBC,TRANSGRANEL,28/04/2021 15:55,28/04/2021 18:00,03/05/2021 10:00,03/05/2021 13:00,PORTUGAL,8/9,LOAD,"10,00","0,3"
MV HERCULES OCEAN,4/30/21 13:20,20.660,Soybeans,CARGILL,TBC,TGM,5/2/21 4:48,5/2/21 7:50,5/3/21 19:25,5/3/21 21:34,EGYPT,TGM,LOAD,"12,00","1,6"
MV EVA BULKER,4/24/21 4:00,26.047,Wood logs,TBC,TBC,TAMIBEL,5/30/21 13:30,5/30/21 16:00,05/05/2021 10:00,05/05/2021 16:10,CHINA,C,LOAD,"10,50","36,4"
MV SAGAR RATAN,5/4/21 0:00,10.457,Soybeans,LDC,TBC,TGM,5/4/21 3:00,5/4/21 4:10,5/5/21 15:43,5/5/21 18:06,EGYPT,TGM,LOAD,"12,00","0,1"
MV OCEAN DROVER,4/25/21 20:00,3.078,Livestock,TBC,TBC,TACUA,02/05/2021 19:55,02/05/2021 23:00,07/05/2021 12:00,07/05/2021 15:40,MAURITIUS,6/7,LOAD,"7,30","7,0"
MV HEMUS,4/28/21 13:00,2.617,Fertilizer,NITRON,NITRON,NOBLEZA,5/5/21 20:10,5/6/21 13:00,5/8/21 8:00,5/8/21 10:55,EGYPT,C,DISCH,"10,70","7,3"
MV AFRICAN LARK,4/29/21 6:00,16.969,Wood logs,TBC,TBC,PLANIR,05/05/2021 15:00,06/05/2021 13:00,09/05/2021 07:00,09/05/2021 12:00,INDIA,8/9,LOAD,"10,30","6,4"
MV AFRICAN EGRET,4/28/21 23:00,13.713,Wood logs,TBC,TBC,PLANIR,04/05/2021 18:20,04/05/2021 21:00,09/05/2021 22:00,10/05/2021 04:45,INDIA,1/2,LOAD,"10,30","5,8"
,,13.776,Wood logs,,,,,,,,,,,,
,,6.866,Wood logs,,,,,,,,,,,,
MV INTERLINK EQUITY,5/2/21 20:12,2.204,Fertilizer (GMOP),NITRON,NITRON,NOBLEZA,5/10/21 7:30,5/10/21 8:45,5/11/21 2:45,5/11/21 7:00,RUSSIA,1/2,DISCH,"10,30","7,5"
,,1.101,Fertilizer (GMOP),,,,,,,,,,,,
MV PRINCESS MARGO,5/10/21 22:30,10.717,Soybeans,COFCO,TBC,TGM,5/11/21 7:00,5/11/21 8:30,5/12/21 0:15,5/12/21 2:40,EGYPT,TGM,LOAD,"12,00","0,4"
MV MOUNTPARK,5/7/21 19:00,2.503,Fertilizer (NPS),NITRON,NITRON,NOBLEZA,5/11/21 4:50,5/11/21 6:14,5/12/21 17:35,5/12/21 21:36,CHINA,3/4,DISCH,"10,20","3,4"
,,1.579,Fertilizer (NPS),,,,,,,,,,,,
MV AMELIE,5/13/21 13:00,2.500,Fertilizer,NITRON,NITRON,TBC,5/13/21 16:15,5/13/21 17:30,5/14/21 7:00,5/14/21 10:15,FINLAND,TBC,DISCH,"10,30","0,1"
MV COYOTE,4/28/21 7:00,31.500,Bagged rice,TBC,TBC,TACUA,07/05/2021 17:45,07/05/2021 21:00,15/05/2021 00:00,15/05/2021 03:20,IRAK,6/7,LOAD,"9,75",
MV PANAFRICAN,5/13/21 18:00,17.600,Soybeans,CARGILL,TBC,TGM,5/13/21 19:45,5/13/21 21:30,5/15/21 10:00,5/15/21 13:35,CHINA,TGM,LOAD,"12,00",
MV SINLAU BULKER,5/10/21 19:30,32.000,Wood logs,TBC,TBC,TAMIBEL,11/05/2021 09:05,11/05/2021 13:00,16/05/2021 18:00,17/05/2021 01:20,INDIA,1/2,LOAD,"11,00",